ID,PACIENTE,PTX3 rs1840680,PTX3 rs2305619,MBL -221,IL-10 -1082,IL-10 -819,IL-10 -592,TNF-308,SOD2,MPO C-463T,IL-28b rs12979860,ID,SEXO,At. Inflam. 1,Fibrose 1,AST,ALT,gGT,FA,Plaquetas,a-fetoprote√≠na,BILIRR TOTAL,APRI,FIB-4
1,0,GG,AG,YY,AA,CT,CA,GG,GA,AA,TT,47,F,A2,F2,177,121,438,216,143000,11.7,0.7,"3,09","5,29"
2,0,AG,AG,YY,GG,CC,CC,GA,GG,GG,TT,67,F,A2,F1,45,58,38,43,200000,2.76,0.71,"0,56","1,98"
3,0,AG,AG,YX,AA,TT,AA,GG,AA,GA,TT,49,M,HCC,HCC,144,123,273,110,122000,44,0.5,"2,95","5,21"
4,0,AG,AG,YY,AA,CT,CA,GG,GA,GG,CC,44,M,A2,F1,23,17,26,152,154000,n tem,0.9,"0,37","1,59"
5,0,AG,AG,XX,AA,CT,CA,GG,GA,GA,CT,46,F,A1,F2,70,84,24,74,209000,4.5,0.6,"0,84","1,68"
7,0,AA,AA,YX,AA,TT,AA,GG,AA,GG,TT,67,M,A1,F1,56,136,44,27,n tem,4.5,0.9,#VALOR!,#VALOR!
8,0,GG,GG,YY,AA,CT,CA,GA,GA,GG,CC,55,M,A2,F2,79,199,26,13,174000,n tem,0.3,"1,14","1,77"
9,0,AA,AA,YY,GA,CC,CC,GG,GG,GA,TT,58,M,A2,F1,40,50,36,176,184000,2.4,0.6,"0,54","1,78"
10,0,GG,GG,YY,GA,CC,CC,GG,GA,GG,CT,62,F,A2,F4,96,95,90,98,240000,4.1,1.1,"1,00","2,54"
11,0,AG,AG,YY,AA,CT,CA,GG,AA,GG,TT,58,F,HCC,HCC,87,90,72,173,79000,681,1,"2,75","6,73"
12,0,GG,AG,YY,GA,CT,CA,GG,GG,AA,CT,58,F,A2,F2,64,72,89,138,69000,n tem,1.18,"2,32","6,34"
13,0,AA,AA,YY,GA,CC,CC,GA,AA,GG,CC,47,F,A2,F1,38,31,46,71,230000,,0.78,"0,41","1,39"
14,0,GG,AG,YY,GA,CT,CA,GG,AA,GG,CC,48,M,A2,F3,33,44,44,236,214000,1.8,0.77,"0,39","1,12"
15,0,AG,AA,YY,GA,CT,CA,GG,GA,GA,CT,54,F,A1,F3,44,53,47,130,148000,,0.9,"0,74","2,21"
16,0,AG,AG,YY,GA,CC,CC,GG,AA,GG,TT,63,F,A2,F3,42,25,253,83,,,0.68,#DIV/0!,#DIV/0!
17,0,AG,AG,YY,AA,CC,CC,GG,GG,GA,CC,83,F,HCC,HCC,63,68,197,187,75000,237,0.65,"2,10","8,45"
18,0,AG,AG,YY,GA,CC,CC,GG,GA,GG,TT,51,F,A1,F1,25,51,23,66,237000,2.8,0.5,"0,26","0,75"
19,0,GG,GG,YX,GA,CT,CA,GG,AA,GA,CT,54,M,A2,F2,57,79,67,155,174000,3,0.5,"0,82","1,99"
20,0,AG,AA,YX,AA,TT,AA,GG,GA,GG,TT,70,F,A1,F2,58,122,58,25,249000,1.6,0.3,"0,58","1,48"
21,0,AG,AG,YY,AA,CT,CA,GG,GA,GG,CC,71,M,A2,F4,87,96,49,129,,5,1.4,#DIV/0!,#DIV/0!
22,0,AG,AG,YY,AA,CT,CA,GG,GG,GG,TT,50,M,A2,F1,23,27,45,103,198000,1.59,0.29,"0,29","1,12"
23,0,AG,AG,YY,AA,TT,AA,GG,GA,GG,CT,62,M,HCC,HCC,175,94,251,93,76000,35.9,1.1,"5,76","14,72"
24,0,AG,AG,YY,GA,CT,CA,GG,AA,GG,CC,65,M,A2,F3,77,113,68,88,179000,9.2,0.6,"1,08","2,63"
25,0,AG,AG,YY,GA,CC,CC,GG,GG,GA,CC,53,M,A2,F2,110,138,94,91,232000,4.62,0.83,"1,19","2,14"
26,0,GG,GG,XX,AA,CC,CC,GG,AA,GA,CT,63,F,A2,F2,48,65,51,79,233000,4.4,0.6,"0,52","1,61"
27,0,GG,GG,YX,AA,CC,CC,GA,GA,GA,TT,52,F,A1,F1,50,53,161,64,308000,4.3,0.6,"0,41","1,16"
28,0,GG,GG,YY,AA,TT,AA,GA,GG,GG,CT,56,M,,F4,141,94,39,152,110000,,1.28,"3,20","7,40"
29,0,GG,GG,YY,GA,CT,CA,GG,GA,GG,CT,63,F,A3,F4,132,76,33,123,,33.7,2,#DIV/0!,#DIV/0!
30,0,GG,GG,YY,AA,CT,CA,GG,GA,GA,TT,40,M,,F4,131,214,131,332,222000,5.39,2.6,"1,48","1,61"
31,0,AG,AG,YY,GA,CT,CA,GG,GG,GG,CT,61,F,,F4,68,59,135,99,78000,3.2,2.6,"2,18","6,92"
32,0,AA,AA,YX,AA,CT,CA,GG,GA,GG,CC,67,M,HCC,HCC,93,74,112,151,45000,72,1.1,"5,17","16,10"
33,0,GG,GG,YX,AA,CT,CA,GG,AA,GG,CC,48,M,A2,F3,26,46,216,55,,,1.3,#DIV/0!,#DIV/0!
34,0,GG,GG,YY,GA,CC,CC,GG,GA,GG,TT,51,F,A3,F4,99,150,226,108,,37,0.6,#DIV/0!,#DIV/0!
35,0,AA,AA,YY,AA,CT,CA,GG,AA,GG,CT,70,F,HCC,HCC,110,81,112,113,147000,6.6,1.2,"1,87","5,82"
36,0,GG,GG,YX,GA,CC,CC,GG,GG,GA,TT,49,M,A3,F3,136,187,116,110,180000,3.4,1.2,"1,89","2,71"
38,0,AG,AG,YX,GA,CC,CC,GG,GG,GG,CT,42,F,A1,F2,51,76,18,74,246000,2.6,0.8,"0,52","1,00"
39,0,AG,AG,YY,GA,CT,CA,GG,GA,GA,CT,49,F,A1,F0,17,21,29,71,257000,1.19,0.6,"0,17","0,71"
40,0,AA,AA,YX,GA,CC,CC,GG,AA,GG,CT,57,M,A2,F3,52,35,84,51,110000,,0.8,"1,18","4,55"
41,0,GG,AG,YY,AA,TT,AA,GG,GA,GG,CC,67,F,A2,F2,63,93,123,62,181000,2.6,0.5,"0,87","2,42"
42,0,AG,AG,YY,GA,CC,CC,GG,GG,GA,CC,72,M,HCC,HCC,16,18,67,77,76000,1.97,0.69,"0,53","3,57"
43,0,AG,AG,YY,GA,CC,CC,GA,AA,AA,TT,56,F,A2,F3,234,265,270,124,163000,112,0.7,"3,59","4,94"
44,0,AG,AG,YX,GA,CT,CA,GG,GA,GG,CT,71,F,A3,F4,76,47,38,60,97000,2.84,0.78,"1,96","8,11"
45,0,AA,AA,YY,GA,CT,CA,GG,AA,GG,CT,75,F,A3,F3,66,36,205,64,197000,5.8,0.9,"0,84","4,19"
46,0,GG,AG,YX,GA,CT,CA,GG,GG,GG,CC,69,M,HCC,HCC,96,69,194,121,149000,23.3,1.1,"1,61","5,35"
47,0,AG,AG,YY,AA,TT,AA,GG,GA,GG,CT,32,F,A2,F3,109,52,34,124,,,1.2,#DIV/0!,#DIV/0!
48,0,AG,AA,YY,GA,CT,CA,GG,AA,GA,CC,49,M,HCC,HCC,225,249,80,107,55000,65.52,1.6,"10,23","12,70"
49,0,GG,GG,YY,GA,CT,CA,GG,AA,GA,CC,68,F,A2,F2,58,80,104,130,90000,6.7,0.7,"1,61","4,90"
50,0,GG,GG,YX,GA,CC,CC,GG,GA,GG,CC,54,M,A2,F1,99,186,123,58,230000,2.7,1.2,"1,08","1,70"
51,0,AG,AG,YY,GG,CC,CC,GG,GA,GG,CC,57,F,A2,F4,67,99,78,52,62000,6.7,0.8,"2,70","6,19"
52,0,AA,AA,YY,GA,CC,CC,AA,GA,GA,CT,25,M,A0,F1,25,24,64,46,251000,0.5,0.6,"0,25","0,51"
53,0,GG,AG,YY,AA,CT,CA,GA,AA,GA,TT,50,M,,F4,51,53,55,232,,2.8,0.9,#DIV/0!,#DIV/0!
54,0,AG,AG,YY,AA,CC,CC,GA,AA,GG,CC,50,F,A0,F3,82,105,125,125,106000,1.7,0.5,"1,93","3,77"
55,0,AA,AA,YY,GA,CC,CC,GA,GA,GG,CT,61,F,A1,F0,34,35,30,212,168000,6.4,0.5,"0,51","2,09"
56,0,GG,AG,YY,AA,CT,CA,GA,AA,GA,CT,53,M,A2,F2,24,46,78,73,262000,2.2,0.6,"0,23","0,72"
57,0,AG,AG,YY,GA,CT,CA,GG,GA,GG,CT,58,F,A3,F3,130,70,85,116,,8.04,3.13,#DIV/0!,#DIV/0!
58,0,AG,AG,YY,AA,CC,CC,GG,GG,GG,CT,52,F,A2,F4,40,67,48,41,114000,4.2,1.15,"0,88","2,23"
59,0,AG,AG,YY,GG,CC,CC,GG,AA,GA,CC,43,F,A2,F3,64,46,29,70,,0.92,0.83,#DIV/0!,#DIV/0!
60,0,GG,GG,YX,GA,CC,CC,GG,GA,GG,CC,59,F,,F4,61,28,38,191,,5.2,3.3,#DIV/0!,#DIV/0!
61,0,AG,AA,YY,GA,CT,CA,GG,AA,GA,CT,58,F,A2,F2,86,182,64,64,174000,,0.88,"1,24","2,12"
62,0,AG,AG,YY,GA,CT,CA,GG,GA,GG,CT,51,M,,F3,49,80,179,,,,1.15,#DIV/0!,#DIV/0!
63,0,AA,AA,YY,GG,CC,CC,GA,GG,GG,CT,63,M,HCC,HCC,56,491,59,145,125000,4.88,1.64,"1,12","1,27"
64,0,AA,AA,YY,AA,CC,CC,GG,GA,GG,CT,71,F,A3,F3,154,214,145,100,87000,,1,"4,43","8,59"
65,0,AG,AG,YY,GG,CC,CC,AA,GG,GA,CT,60,M,A2,F2,21,56,109,44,,0.5,0.3,#DIV/0!,#DIV/0!
66,0,GG,AG,YX,GA,CT,CA,GG,GG,GA,CC,51,M,A1,F1,34,37,24,60,177000,2.4,0.7,"0,48","1,61"
67,0,GG,GG,YY,GA,CC,CC,GA,GG,GA,CC,60,F,A2,F1,41,55,39,371,155000,4.5,0.7,"0,66","2,14"
68,0,AG,AG,YX,GA,CT,CA,GA,AA,GG,TT,52,M,A1,F1,31,69,48,70,361000,4.1,0.61,"0,21","0,54"
69,0,AG,AA,YY,GA,CC,CC,GG,GA,GA,CT,58,F,A2,F1,65,116,67,84,264000,,0.4,"0,62","1,33"
70,0,GG,GG,YX,AA,CT,CA,GG,GA,GG,TT,61,F,A2,F3,71,88,96,75,99000,10,0.4,"1,79","4,66"
71,0,AG,AG,YX,GA,CC,CC,GG,GA,GA,CC,61,F,A3,F3,51,78,60,27,,,0.78,#DIV/0!,#DIV/0!
72,0,AG,AG,YY,AA,CT,CA,GG,GG,GG,TT,70,F,A2,F3,90,144,229,112,120000,8.61,0.62,"1,88","4,38"
73,0,AG,AG,YY,GA,CT,CA,GA,GA,GG,CT,30,M,A1,F2,43,53,38,77,223000,3.4,0.4,"0,48","0,79"
74,0,AG,AG,YY,GA,CC,CC,GG,GA,GG,CC,70,F,A3,F3,118,91,196,156,106000,25.5,0.7,"2,78","8,17"
75,0,AG,AG,YY,AA,CT,CA,GG,GA,GA,CT,70,F,A2,F3,226,267,124,74,96000,13.4,0.57,"5,89","10,09"
76,0,AG,AG,YX,GA,CT,CA,GG,GA,GG,CT,60,M,A2,F2,48,74,61,66,145000,3.63,0.5,"0,83","2,31"
77,0,AA,AA,YY,GA,CC,CC,GG,AA,GA,TT,62,F,A2,F2,111,128,243,141,233000,38,0.45,"1,19","2,61"
78,0,AG,AG,YX,GA,CC,CC,GG,GG,GG,CC,63,M,A2,F2,74,93,27,68,137000,1.99,1.04,"1,35","3,53"
79,0,GG,GG,YY,AA,CC,CC,GA,AA,GG,CC,61,M,A1,F0,40,75,58,50,,2.12,0.54,#DIV/0!,#DIV/0!
80,0,GG,AA,YY,AA,CT,CA,GA,GA,GG,CC,33,F,A3,F4,438,230,231,174,,29.82,2.42,#DIV/0!,#DIV/0!
81,0,AG,AG,YX,GG,CC,CC,GA,GG,GA,CC,50,M,A1,F2,56,92,32,47,180000,2.4,0.72,"0,78","1,62"
82,0,AA,AA,YY,GA,CC,CC,GG,AA,GG,CT,30,M,A2,F2,52,112,213,52,,,0.3,#DIV/0!,#DIV/0!
83,0,GG,GG,YY,AA,TT,AA,GG,GA,GG,CT,44,F,A1,F1,28,26,25,35,160000,3.2,0.8,"0,44","1,51"
84,0,AG,AG,YY,GA,CC,CC,GA,GA,GA,TT,52,M,A3,F2,37,66,60,55,,,0.8,#DIV/0!,#DIV/0!
86,0,AA,AA,YY,GG,CC,CC,GG,AA,GA,CC,43,F,A2,F1,46,47,29,80,258000,2.6,0.3,"0,45","1,12"
87,0,GG,GG,YX,GA,CT,CA,GG,AA,GA,CT,50,F,A2,F2,141,179,60,135,237000,29,0.5,"1,49","2,22"
88,0,AG,AG,YY,GA,CC,CC,GG,GG,GA,CT,49,M,A2,F3,99,83,280,172,155000,8.21,3,"1,60","3,44"
89,0,AG,AG,YY,GA,CT,CA,GG,GG,GA,CT,55,M,A2,F4,64,74,176,53,155000,10.5,2.5,"1,03","2,64"
90,0,AG,AG,YX,AA,CT,CA,GG,AA,GG,CT,64,M,A1,F2,38,50,26,59,163000,,1.1,"0,58","2,11"
91,0,GG,AG,YY,GA,CC,CC,GG,GA,GA,CT,76,F,A1,F1,68,57,56,71,208000,5.6,0.7,"0,82","3,29"
92,0,GG,AG,YY,GA,CC,CC,GG,GA,GG,CC,71,F,A2,F3,62,71,41,96,171000,4.9,0.6,"0,91","3,06"
94,0,AG,AG,YX,GA,CT,CA,GG,GA,GA,TT,45,F,A2,F2,70,132,147,73,170000,12.99,0.25,"1,03","1,61"
95,0,GG,GG,YY,GA,CC,CC,GG,GA,GG,TT,54,M,A1,F1,35,75,92,64,157000,1.5,0.64,"0,56","1,39"
96,0,AG,AG,YX,GA,CC,CC,GG,AA,GA,CT,55,F,A1,F1,39,42,12,20,190000,2.8,0.8,"0,51","1,74"
97,0,AA,AA,YX,GA,CC,CC,GG,AA,GG,CT,65,F,A2,F2,42,20,26,63,395000,7.5,0.57,"0,27","1,55"
98,0,AG,AG,YY,GA,CC,CC,GG,GA,GA,CT,40,F,A1,F1,43,42,20,100,,0.75,0.7,#DIV/0!,#DIV/0!
99,0,AA,AA,YX,AA,TT,AA,GG,GG,GG,CT,33,M,A1,F1,37,72,137,174,159000,,1.7,"0,58","0,91"
100,0,AG,AA,YX,GG,CC,CC,GG,GA,GG,CT,55,M,A1,F1,30,59,69,81,150000,2.3,0.2,"0,50","1,43"
101,0,AA,AA,YX,GA,CT,CA,GG,AA,GA,CT,54,F,A3,F3,29,35,53,46,107000,2.88,0.4,"0,68","2,47"
102,0,GG,GG,YY,AA,TT,AA,GG,GA,GA,CT,51,M,HCC,HCC,85,68,41,51,120000,10.77,0.74,"1,77","4,38"
103,0,GG,GG,YY,GA,CT,CA,GG,GA,GA,TT,58,M,HCC,HCC,109,76,97,171,66000,9.3,5.51,"4,13","10,99"
104,0,AG,AG,YX,GA,CC,CC,GA,GA,GG,CT,65,F,A1,F4,50,52,98,91,,,1.2,#DIV/0!,#DIV/0!
105,0,AA,AA,YX,GA,CC,CC,GG,GA,GA,CC,54,M,A1,F2,63,118,193,104,211000,2.05,1.22,"0,75","1,48"
107,0,AG,AG,XX,GA,CT,CA,GA,GA,GG,CT,66,F,A3,F3,105,132,32,43,144000,2.3,0.66,"1,82","4,19"
108,0,AG,AG,YY,AA,TT,AA,GG,GA,GG,CT,58,M,,F4,113,68,52,28,,3.76,3,#DIV/0!,#DIV/0!
109,0,AG,AG,YY,GA,CC,CC,GG,GG,GG,CT,54,M,A2,F3,33,27,173,81,129000,1.32,0.7,"0,64","2,66"
110,0,GG,GG,YY,AA,CC,CC,GG,AA,GA,CT,56,M,A2,F2,33,45,45,73,116000,5.54,0.68,"0,71","2,37"
111,0,AG,AG,YY,AA,CC,CC,GG,GA,GG,TT,49,M,A2,F3,57,82,51,62,225000,13.38,0.5,"0,63","1,37"
112,0,AG,AG,YY,AA,CT,CA,GG,GA,GA,CT,66,F,,F4,70,75,95,48,281000,6.61,0.4,"0,62","1,90"
113,0,AG,AG,YY,GA,CC,CC,GG,GA,GA,CT,48,M,A2,F3,30,50,36,105,161000,2.3,3.3,"0,47","1,26"
114,0,AA,AA,YY,GG,CC,CC,GG,GG,GG,TT,55,F,A2,F4,63,67,96,98,81000,,2,"1,94","5,23"
115,0,GG,AG,YX,AA,CT,CA,GA,GA,GG,CT,54,F,A2,F4,26,21,34,112,,4.21,0.9,#DIV/0!,#DIV/0!
116,0,AG,AG,YX,AA,CT,CA,GG,AA,GG,CT,58,M,A3,F2,35,59,106,58,145000,8.6,0.5,"0,60","1,82"
117,0,AG,AG,YX,GA,CT,CA,GG,GA,GG,CT,46,M,A2,F2,29,51,42,80,227000,2.6,0.81,"0,32","0,82"
118,0,AG,AG,YX,AA,CC,CC,GG,AA,GA,CT,45,M,A3,F4,126,146,97,63,110000,18.86,0.6,"2,86","4,27"
119,0,AA,AA,YY,GA,CT,CA,GG,GG,GG,CT,54,M,A2,F3,155,105,111,38,,,0.7,#DIV/0!,#DIV/0!
120,0,GG,GG,YX,GG,CC,CC,GG,GA,GG,TT,66,F,,F4,125,98,165,127,,155,1.89,#DIV/0!,#DIV/0!
121,0,AA,AA,YX,GA,CT,CA,GA,GG,AA,CT,50,M,A1,F2,108,78,55,116,249000,1.1,0.8,"1,08","2,46"
122,0,GG,AA,YX,AA,CC,CC,GG,GG,AA,CT,46,F,A1,F2,18,23,30,146,255000,2.7,0.4,"0,18","0,68"
123,0,GG,GG,YY,AA,CT,CA,GG,GG,GA,CT,68,M,A2,F1,38,42,52,43,278000,2.4,0.5,"0,34","1,43"
124,0,GG,GG,YX,GA,CT,CA,GG,GA,GA,CT,77,F,,HCC,96,77,105,213,89000,60,1,"2,70","9,47"
125,0,AA,AA,XX,GA,CC,CC,GG,AA,GG,CC,63,F,HCC,HCC,81,25,498,300,324000,2331,1.49,"0,63","3,15"
126,0,AG,AG,YY,AA,CT,CA,GG,AA,GG,CT,64,M,A3,F3,50,90,41,84,118000,6.5,1.4,"1,06","2,86"
127,0,AG,AG,YY,GA,CT,CA,GG,GA,GA,CT,53,M,A2,F3,23,20,216,87,175000,2.28,0.69,"0,33","1,56"
128,0,GG,GG,YX,AA,TT,AA,GG,GA,GA,TT,50,M,A3,F4,207,143,n tem,n tem,n tem,,n tem,#VALOR!,#VALOR!
129,0,AG,AG,YY,GA,CT,CA,GG,GG,GG,CT,41,F,A2,F2,118,224,182,64,,7.6,0.5,#DIV/0!,#DIV/0!
130,0,GG,AG,YY,GA,CT,CA,GG,GA,GA,TT,60,M,A2,F1,43,70,122,59,143000,,0.55,"0,75","2,16"
131,0,GG,GG,YY,GA,CT,CA,GG,GG,AA,TT,55,F,A2,F3,103,87,182,88,139000,5.82,0.52,"1,85","4,37"
132,0,GG,GG,YX,GG,CC,CC,GA,GG,GG,CT,53,M,A2,F3,103,159,94,53,155000,n tem,0.8,"1,66","2,79"
133,0,AG,AG,YY,AA,CT,CA,GA,AA,GA,CT,48,F,A1,F1,26,32,21,39,351000,2.3,0.2,"0,19","0,63"
134,0,GG,GG,YY,GA,CT,CA,GG,GG,GA,CC,58,M,HCC,HCC,72,71,525,216,89000,61.96,2.33,"2,02","5,57"
135,0,GG,GG,YY,AA,CT,CA,GG,GA,GG,CC,48,M,A2,F2,110,243,29,92,223000,2.16,0.4,"1,23","1,52"
136,0,GG,GG,YY,AA,TT,AA,GA,AA,GG,CT,65,F,A2,F3,74,68,260,121,163000,9.21,0.5,"1,13","3,58"
137,0,GG,AG,YY,GG,CC,CC,GG,GG,GA,CC,52,M,A2,F2,39,73,56,85,255000,2.8,0.8,"0,38","0,93"
138,0,GG,GG,YY,AA,CT,CA,AA,GG,GA,CT,48,M,A3,F2,254,243,38,176,,,1.04,#DIV/0!,#DIV/0!
139,0,GG,GG,YY,GA,CT,CA,GG,AA,GG,CT,56,M,A2,F2,35,44,25,60,222000,2.4,1,"0,39","1,33"
140,0,AG,AG,YY,GA,CT,CA,GA,GA,GA,CT,64,M,A1,F3,57,75,77,53,177000,2.2,1.18,"0,81","2,38"
141,0,AG,AG,YY,AA,CC,CC,GG,GA,GG,TT,55,F,HCC,HCC,174,156,244,143,152000,23.5,1,"2,86","5,04"
142,0,GG,GG,YY,AA,CT,CA,GG,AA,AA,CT,29,F,A2,F2,54,112,69,73,219000,33.49,0.8,"0,62","0,68"
143,0,AA,AA,YY,GA,CC,CC,GG,GA,GG,CT,57,M,HCC,HCC,72,52,282,112,59000,316,1.07,"3,05","9,65"
144,0,GG,GG,YY,GA,CT,CA,GA,GA,GG,CT,60,M,HCC,HCC,94,71,137,n tem,36000,6.15,1.64,"6,53","18,59"
145,0,GG,GG,YY,GA,CC,CC,GA,GA,GG,TT,42,M,A1,F0,42,86,79,100,237000,1.2,1,"0,44","0,80"
146,0,AA,AA,YY,AA,CT,CA,GG,GA,GG,CT,31,M,A2,F2,30,24,49,81,,3.7,,#DIV/0!,#DIV/0!
147,0,AG,AG,YX,GA,CC,CC,GG,GA,GA,CT,27,F,A1,F1,29,43,26,61,262000,4.2,0.7,"0,28","0,46"
148,0,AA,AA,YY,GA,CT,CA,GG,GA,GG,TT,66,M,HCC,HCC,105,140,308,120,71000,13,0.9,"3,70","8,25"
149,0,GG,GG,YY,GA,CT,CA,GG,GA,GG,CT,53,F,A2,F2,27,19,15,55,299000,2.75,0.4,"0,23","1,10"
150,0,AG,AG,YY,GA,CT,CA,GA,GA,GA,CT,45,M,A2,F1,110,157,158,61,146000,1.8,0.8,"1,88","2,71"
151,0,AG,AG,YY,GA,CC,CC,GA,AA,GG,CT,32,M,A2,F3,71,130,107,172,,,0.84,#DIV/0!,#DIV/0!
152,0,AG,AG,YX,AA,TT,AA,AA,AA,GG,CT,60,F,A2,F3,117,136,212,87,108000,12.21,0.7,"2,71","5,57"
153,0,AG,AG,YY,GA,CT,CA,GG,GA,GG,CC,64,F,HCC,HCC,104,60,178,95,132000,842,2.16,"1,97","6,51"
154,0,GG,AG,YY,GA,CT,CA,GG,GG,GG,CT,29,M,A1,F1,47,137,62,48,198000,1.17,0.5,"0,59","0,59"
155,0,GG,GG,YX,AA,CT,CA,GA,GA,GG,CT,60,M,A1,F1,55,53,221,410,151000,3.7,1.2,"0,91","3,00"
156,0,AG,AG,YY,GA,CT,CA,GG,GA,GA,TT,49,F,A2,F3,71,71,109,85,,,0.68,#DIV/0!,#DIV/0!
157,0,AA,AG,YX,AA,CC,CC,GG,GG,GA,CC,53,M,A2,F4,45,50,48,48,,4,0.9,#DIV/0!,#DIV/0!
158,0,GG,GG,YY,GG,CC,CC,GA,AA,GG,CT,40,F,,F4,127,79,128,101,,13.7,1.75,#DIV/0!,#DIV/0!
160,0,AG,AG,YY,GA,CT,CA,GG,GG,GA,TT,49,M,A2,F3,44,95,61,195,229000,2.14,0.68,"0,48","0,97"
161,0,AG,AG,YY,AA,TT,AA,GG,GG,GG,CT,59,F,A2,F3,72,74,146,66,245000,10.16,0.59,"0,73","2,02"
162,0,GG,GG,YY,GA,CC,CC,GG,AA,GA,TT,71,F,A2,F2,41,69,77,67,222000,4.16,0.62,"0,46","1,58"
163,0,AG,AG,YY,AA,TT,AA,GA,GA,GG,CT,66,F,A2,F2,139,79,21,69,120000,3.2,1,"2,90","8,60"
164,0,AG,AA,YY,GA,CT,CA,GG,GG,GA,CT,68,F,A2,F2,24,14,49,78,169000,1.98,0.71,"0,36","2,58"
165,0,AG,AG,YY,GA,CT,CA,GG,GA,GG,CT,64,F,A3,F3,48,55,15,38,,,0.77,#DIV/0!,#DIV/0!
166,0,GG,GG,YY,AA,CT,CA,GA,AA,GG,CT,68,F,A1,F1,33,51,72,79,185000,4.4,0.4,"0,45","1,70"
167,0,AA,AA,YY,GA,CT,CA,GG,GG,GG,CT,60,M,A2,F3,25,25,78,62,,6.5,1.5,#DIV/0!,#DIV/0!
168,0,GG,GG,YY,GA,CT,CA,GG,GG,GA,CT,35,M,A2,F2,28,25,22,100,188000,n tem,0.6,"0,37","1,04"
169,0,AG,AG,YY,GA,CT,CA,GG,AA,GG,CC,41,M,A1,F1,31,79,148,71,313000,1.1,0.53,"0,25","0,46"
170,0,AG,AG,YY,GA,CT,CA,GA,GA,GG,CT,62,F,A2,F3,82,63,127,80,96000,17,3,"2,14","6,67"
171,0,GG,AG,YY,AA,CT,CA,GG,AA,AA,CT,66,M,A2,F3,52,56,48,65,138000,,0.9,"0,94","3,32"
172,0,AG,AG,YY,AA,CT,CA,GG,GA,GA,TT,65,F,A3,F3,89,89,113,23,70000,11.55,0.59,"3,18","8,76"
173,0,AG,AG,YY,AA,TT,AA,GG,GA,GA,CC,58,F,A2,F2,91,99,95,105,144000,,0.5,"1,58","3,68"
174,0,AG,AG,YY,GA,CC,CC,GA,AA,GG,CC,49,M,HCC,HCC,157,211,175,99,104000,16,2.4,"3,77","5,09"
175,0,AG,AG,YY,AA,CT,CA,GG,GA,GG,CC,66,F,A2,F3,91,88,83,91,58000,3.61,0.53,"3,92","11,04"
176,0,GG,AG,YY,GA,CT,CA,GG,GA,GG,CC,43,F,A2,F1,8,22,13,54,,1.5,0.45,#DIV/0!,#DIV/0!
177,0,GG,GG,YY,GA,CT,CA,GG,GA,GA,CT,59,F,A2,F4,34,19,40,124,87000,5.56,0.54,"0,98","5,29"
178,0,GG,GG,YX,GG,CC,CC,GG,AA,GG,TT,59,F,A2,F3,118,168,247,133,,24,1.68,#DIV/0!,#DIV/0!
179,0,GG,GG,YY,GG,CC,CC,GA,GA,GA,CT,50,F,A2,F2,72,75,54,52,92000,7.3,1.03,"1,96","4,52"
181,0,AA,AA,YX,AA,TT,AA,GA,GG,AA,CT,36,M,A2,F2,37,58,84,65,53000,3.9,0.35,"1,75","3,30"
182,0,AG,AG,YY,GA,CC,CC,GA,AA,GG,CT,57,M,A2,F2,81,159,194,85,180000,4.4,0.9,"1,13","2,03"
183,0,GG,GG,YY,GA,CC,CC,GG,AA,GA,CT,64,F,A2,F1,100,186,53,70,208000,6.2,0.67,"1,20","2,26"
184,0,AG,AA,YY,GA,CT,CA,GG,GG,GG,CT,58,F,A2,F1,27,20,13,41,177000,0.87,0.6,"0,38","1,98"
185,0,AA,AA,YY,GG,CC,CC,GG,GA,GG,CT,57,F,A2,F4,48,38,36,147,97000,4.9,2.27,"1,24","4,58"
186,0,AG,AG,YX,GA,CC,CC,GG,GA,GG,CT,71,F,A2,F1,31,42,69,60,215000,2.83,0.41,"0,36","1,58"
187,0,GG,AG,YY,GA,CC,CC,GG,GA,AA,CC,62,M,A1,F1,72,101,58,48,272000,1.59,0.85,"0,66","1,63"
189,0,AA,AA,YY,GA,CT,CA,GG,GA,GA,CT,67,M,HCC,HCC,146,172,80,214,79000,25.8,1.52,"4,62","9,44"
190,0,AG,AA,YX,AA,TT,AA,GG,GA,GG,CT,63,M,HCC,HCC,92,81,222,,79000,,0.76,"2,91","8,15"
191,0,AG,AG,YY,AA,TT,AA,GG,GA,GG,TT,69,M,A3,F4,57,47,196,64,189000,15.8,1.4,"0,75","3,04"
192,0,GG,AG,YY,AA,TT,AA,GG,GA,GA,CT,70,M,HCC,HCC,92,82,375,202,136000,,1.57,"1,69","5,23"
193,0,AA,AA,YY,GA,CT,CA,GG,GG,GG,CT,31,M,A2,F4,104,156,306,92,167000,,0.9,"1,56","1,55"
194,0,AA,AA,YX,AA,CC,CC,GG,GA,GG,TT,63,F,A2,F4,92,82,375,202,80000,32.9,1.57,"2,88","8,00"
195,0,AG,AG,YY,AA,CT,CA,GA,GA,GG,CT,55,F,A2,F2,84,98,155,103,157000,4.2,0.4,"1,34","2,97"
196,0,AG,AA,YX,GA,CC,CC,GG,GG,GG,CT,40,F,A1,F2,40,55,80,51,291000,2.8,0.5,"0,34","0,74"
197,0,AA,AA,YY,GG,CC,CC,GG,GA,GG,CC,61,M,A1,F1,36,62,25,47,122000,2.8,0.65,"0,74","2,29"
198,0,GG,AG,YX,GG,CC,CC,GG,AA,GA,CC,67,F,A2,F3,127,159,26,80,165000,2.45,1.17,"1,92","4,09"
199,0,AG,AG,YY,AA,CC,CC,GG,GA,GA,CT,64,F,A2,F2,54,73,24,68,231000,n tem,0.5,"0,58","1,75"
200,0,AG,AA,YY,AA,CT,CA,GA,GA,GG,CT,40,M,A1,F1,18,16,18,66,,2.21,0.59,#DIV/0!,#DIV/0!
201,0,AG,AG,YX,AA,CC,CC,GG,GG,GA,CT,46,M,A2,F2,123,153,484,103,165000,82,1,"1,86","2,77"
202,0,AG,AG,YY,GG,CC,CC,GG,GG,GG,CC,19,M,A1,F2,49,57,20,58,103300,1.6,3.35,"1,19","1,19"
203,0,AG,AG,YY,AA,TT,AA,GA,GG,GA,CT,66,F,A1,F1,50,78,85,176,168000,6.5,0.4,"0,74","2,22"
204,0,AA,AA,YX,GG,CC,CC,GG,GA,GA,CT,44,M,A2,F2,76,146,172,53,263000,5.3,0.77,"0,72","1,05"
205,0,AA,AA,XX,AA,CT,CA,GA,GG,GG,TT,64,M,HCC,HCC,64,70,169,92,162000,18.9,0.8,"0,99","3,02"
206,0,GG,GG,YY,AA,CC,CC,GA,GG,GG,TT,53,M,HCC,HCC,127,146,72,120,130000,12.18,0.69,"2,44","4,29"
207,0,AG,AG,YX,GG,CC,CC,GG,AA,GG,CC,34,F,A1,F1,72,128,18,47,263000,,0.56,"0,68","0,82"
208,0,AG,AG,YX,AA,CC,CC,GG,GG,GG,CC,43,M,A2,F2,29,36,66,52,134000,1.7,0.55,"0,54","1,55"
209,0,AG,AG,YY,GG,CC,CC,GG,GA,GG,CT,60,F,A2,F2,49,50,70,102,220000,5.04,1.1,"0,56","1,89"
210,0,AG,AG,YY,AA,CT,CA,GA,GA,GG,CT,63,F,A3,F4,63,43,43,66,120000,3.4,0.8,"1,31","5,04"
211,0,AG,AG,YY,AA,CT,CA,GG,GG,GA,CT,54,F,A2,F3,78,145,50,111,267000,8.6,0.6,"0,73","1,31"
212,0,AA,AA,YY,GA,CT,CA,GG,AA,GG,CT,62,F,A2,F2,40,52,24,99,164000,1.02,0.47,"0,61","2,10"
213,0,AG,AG,YX,AA,CC,CC,GG,GA,GG,CT,47,M,A2,F3,20,13,24,101,,1.54,0.56,#DIV/0!,#DIV/0!
214,0,AG,AG,YX,AA,CC,CC,GG,GG,GG,CT,57,F,A2,F1,62,85,143,59,170000,8.8,0.7,"0,91","2,25"
215,0,GG,GG,YY,AA,CT,CA,GG,GG,GA,CT,42,F,A2,F2,58,64,63,50,167000,9.3,0.75,"0,87","1,82"
216,0,AG,AG,YY,GA,CC,CC,GG,GA,GG,CT,59,M,A1,F3,56,82,482,234,,,0.58,#DIV/0!,#DIV/0!
217,0,GG,AG,YY,AA,CC,CC,GG,AA,GG,CC,59,F,A2,F2,44,45,90,104,259000,4.24,0.8,"0,42","1,49"
218,0,GG,GG,XX,GA,CC,CC,GG,GA,GA,CT,51,F,A2,F1,22,15,89,20,n tem,n tem,0.8,#VALOR!,#VALOR!
219,0,AA,AA,YY,AA,CT,CA,GG,GA,GA,CT,43,M,A2,F2,60,147,58,45,171000,2.13,0.9,"0,88","1,24"
220,0,AA,AA,YX,GA,CC,CC,GA,GG,GA,CC,65,F,A2,F3,58,52,78,112,159000,8.93,0.35,"0,91","3,29"
221,0,AA,AA,YX,GG,CC,CC,GG,GA,AA,CT,54,M,HCC,HCC,129,127,143,116,67000,9.4,1.5,"4,81","9,23"
222,0,GG,AG,YY,GA,CT,CA,GG,AA,AA,CT,68,M,A2,F4,184,204,185,147,,5.7,1.25,#DIV/0!,#DIV/0!
223,0,GG,GG,YX,GG,CC,CC,GG,GA,GG,CT,63,M,A2,F1,58,79,112,65,236000,4.99,0.7,"0,61","1,74"
224,0,AG,AG,YY,GA,CC,CC,GG,GA,GA,CT,52,F,A2,F2,30,38,56,50,153000,9.2,0.8,"0,49","1,65"
226,0,GG,GG,YY,AA,CT,CA,GG,GG,GA,CT,57,M,A2,F3,54,48,126,107,102000,10.07,0.65,"1,32","4,36"
227,0,GG,GG,YY,AA,CT,CA,GG,GG,AA,CT,73,M,HCC,HCC,132,50,333,232,156000,2.38,1.3,"2,12","8,74"
228,0,AG,AG,YY,AA,CT,CA,GA,AA,GG,TT,65,M,A1,F2,46,73,36,60,222000,n tem,1.54,"0,52","1,58"
229,0,AG,AG,YY,AA,CT,CA,GG,GA,GA,CT,61,F,HCC,HCC,108,65,330,238,155000,1329,1.04,"1,74","5,27"
230,0,AG,AG,YY,AA,CC,CC,GG,GG,GG,TT,56,F,HCC,HCC,31,28,493,275,221000,770,0.67,"0,35","1,48"
231,0,AG,AA,YX,GA,CT,CA,GG,GA,GG,CC,69,F,HCC,HCC,91,65,107,174,97000,219,0.6,"2,35","8,03"
232,0,AG,AA,YX,GG,CC,CC,GG,AA,GG,CT,73,F,HCC,HCC,92,63,58,143,67000,1672,3.7,"3,43","12,63"
233,0,AG,AG,YY,AA,CT,CA,GA,AA,GG,CT,64,M,HCC,HCC,28,49,230,136,190000,13.6,0.9,"0,37","1,35"
234,0,AG,AG,YX,AA,CT,CA,GG,GG,GA,CC,53,F,HCC,HCC,54,33,64,78,72000,78,0.9,"1,88","6,92"
235,0,GG,GG,YY,GG,CC,CC,GG,GA,GG,CC,57,M,HCC,HCC,235,141,52,97,115000,9.5,7,"5,11","9,81"
236,0,AG,AG,YX,GA,CT,CA,GG,GA,GG,TT,51,M,HCC,HCC,155,240,140,97,105000,29,1.4,"3,69","4,86"
237,0,AA,AA,XX,AA,TT,AA,GA,GA,GG,CT,55,M,HCC,HCC,156,169,125,141,108000,9352,7.22,"3,61","6,11"
243,0,AG,AG,YY,AA,CC,CC,GG,GA,GG,CT,57,M,HCC,HCC,195,143,188,72,64000,18,2.31,"7,62","14,52"
246,0,GG,GG,YY,GG,CC,CC,GG,GA,GG,CC,51,M,A2,F2,136,248,25,40,150000,n tem,1.8,"2,27","2,94"
247,0,GG,GG,YY,GA,CT,CA,GG,GG,GG,CC,55,F,A2,F2,251,168,49,99,270000,1.98,0.7,"2,32","3,94"
248,0,AG,AG,YY,GA,CT,CA,GG,GG,GG,TT,53,F,A2,F3,57,61,48,76,,6.12,0.78,#DIV/0!,#DIV/0!
250,0,GG,AG,YY,AA,CC,CC,GG,GG,GA,CT,37,F,A1,F1,27,18,29,54,180000,n tem,0.7,"0,38","1,31"
251,0,AA,AA,YX,GG,CC,CC,GA,GG,GG,CT,65,F,,F4,38,18,28,68,75000,5.8,1.4,"1,27","7,76"
252,0,GG,GG,YX,AA,CC,CC,GA,AA,GA,CC,51,M,A1,F1,23,28,14,330,112000,4.9,1.37,"0,51","1,98"
254,0,AG,AG,YY,GG,CC,CC,GA,GA,GG,CT,59,M,A1,F2,46,50,50,111,143000,2.49,1.2,"0,80","2,68"
255,0,GG,GG,YY,AA,CT,CA,GG,GA,GG,TT,68,M,A0,F0,123,156,269,56,158000,19.25,0.68,"1,95","4,24"
256,0,AG,AG,YY,AA,CT,CA,GG,GA,GA,CT,70,M,A2,F2,54,77,68,406,213000,0.92,0.7,"0,63","2,02"
258,0,AG,AG,YY,AA,CT,CA,GA,GA,GG,TT,52,F,A1,F1,27,25,48,98,317000,1.9,0.49,"0,21","0,89"
259,0,AG,AA,YY,GA,CT,CA,GG,GG,GA,CC,40,F,A3,F3,12,8,14,121,,,0.6,#DIV/0!,#DIV/0!
260,0,GG,GG,YY,AA,CC,CC,GA,GG,GA,CC,67,M,A3,F3,32,34,125,69,,,0.9,#DIV/0!,#DIV/0!
269,0,AG,AG,YX,GG,CC,CC,GG,GG,GG,CT,69,F,A2,F4,127,73,91,116,,11.4,1.4,#DIV/0!,#DIV/0!
273,0,AG,AG,YX,GA,CC,CC,GG,AA,GG,CC,71,F,A3,F4,53,56,59,80,136000,16.99,1.1,"0,97","3,70"
274,0,GG,GG,YY,GG,CC,CC,GG,GG,GG,CT,53,F,A3,F2,148,155,404,161,90000,10.04,0.83,"4,11","7,00"
275,0,GG,GG,YX,AA,TT,AA,GG,GA,GG,CC,64,M,A2,F4,60,86,116,84,,33.6,0.6,#DIV/0!,#DIV/0!
276,0,GG,GG,YY,AA,TT,AA,GG,GA,GA,TT,65,F,A2,F1,28,17,99,62,179000,4.5,0.55,"0,39","2,47"
277,0,AG,AG,YY,AA,TT,AA,GA,GA,GG,CT,51,F,A2,F2,21,26,30,53,,2.39,0.48,#DIV/0!,#DIV/0!
278,0,AA,AA,YX,GA,CC,CC,GA,GG,GG,TT,62,M,A2,F3,195,154,823,95,151000,9.2,1.7,"3,23","6,45"
279,0,AG,AG,YY,AA,CT,CA,GA,GA,GG,CT,60,F,A2,F3,107,150,106,150,370000,,0.4,"0,72","1,42"
280,0,AG,AG,XX,GA,CC,CC,GG,GG,GG,TT,56,F,A2,F2,53,66,245,102,268000,16.1,0.7,"0,49","1,36"
281,0,AG,AG,YY,GA,CC,CC,GA,GA,GA,TT,67,F,A3,F2,140,170,88,100,148000,,0.8,"2,36","4,86"
282,0,AA,AA,YY,GA,CC,CC,GG,GG,GG,TT,40,M,A2,F2,40,38,454,357,199000,,2.7,"0,50","1,30"
283,0,GG,GG,YX,GA,CT,CA,GA,GA,GA,TT,51,F,A2,F1,44,69,42,73,199000,,0.38,"0,55","1,36"
284,0,AG,AA,YX,GA,CC,CC,GG,AA,AA,TT,57,F,A0,F1,70,82,107,70,178000,5.5,0.5,"0,98","2,48"
285,0,AG,AA,YX,AA,CT,CA,GG,GG,GA,CC,53,M,A3,F3,16,7,129,51,147000,2.8,0.7,"0,27","2,18"
287,0,AG,AG,YX,GA,CT,CA,GG,GA,GG,CT,71,F,A2,F4,53,40,153,99,,8.83,1.1,#DIV/0!,#DIV/0!
289,0,AG,AG,YY,AA,CT,CA,GA,GA,GG,TT,72,F,A3,F4,51,53,348,112,148000,7.16,1.74,"0,86","3,41"
290,0,AG,AA,YY,GA,CT,CA,GA,AA,GG,CC,54,M,,F2,90,63,71,51,275000,1.2,0.61,"0,82","2,23"
291,0,GG,GG,YY,GG,CC,CC,GG,AA,GA,CT,53,M,A2,F1,69,121,65,43,222000,3.6,0.4,"0,78","1,50"
293,0,GG,AG,YX,AA,TT,AA,GG,GA,GG,CT,52,F,A2,F2,76,70,115,66,332000,5.8,0.7,"0,57","1,42"
294,0,GG,GG,YX,AA,TT,AA,GG,GG,GG,CT,65,F,A2,F2,29,35,71,54,200000,4.1,0.7,"0,36","1,59"
295,0,AG,AG,YX,GA,CC,CC,GA,AA,GG,CT,75,M,A1,F2,65,84,63,47,107000,2.99,0.67,"1,52","4,97"
296,0,AG,AG,XX,GA,CC,CC,GA,GG,GG,TT,57,F,A0,F1,27,40,45,38,214000,7.9,0.8,"0,32","1,14"
297,0,AG,AG,XX,AA,CC,CC,GG,GA,GG,CT,50,M,A1,F1,30,36,50,47,183000,2.27,0.42,"0,41","1,37"
298,0,AG,AG,YY,AA,CT,CA,GG,GA,GA,TT,52,F,A2,F4,57,38,26,67,151000,12,1,"0,94","3,18"
299,0,AG,AG,YX,GA,CT,CA,GG,GA,AA,CC,58,F,HCC,HCC,94,59,245,213,69000,15.46,1.9,"3,41","10,29"
300,0,AG,AG,YY,AA,CT,CA,GA,GA,GG,CC,56,M,A2,F3,51,56,63,61,302000,1.3,1.27,"0,42","1,26"
301,0,GG,GG,YX,GA,CT,CA,GA,GA,GG,CC,74,M,A2,F2,52,90,29,207,196000,3.6,0.6,"0,66","2,07"
302,0,GG,GG,YY,AA,CC,CC,GG,AA,GG,CT,61,F,A2,F3,77,97,122,83,224000,16.3,0.9,"0,86","2,13"
303,0,AG,AG,YX,GA,CC,CC,GG,GG,GG,CT,64,F,A3,F3,74,85,67,128,99000,19.21,0.9,"1,87","5,19"
304,0,AG,AG,YX,GA,CC,CC,GG,GG,GG,TT,77,F,A1,F4,27,32,81,111,n tem,3.1,0.8,#VALOR!,#VALOR!
307,0,GG,AG,YX,GA,CT,CA,GG,GA,GG,TT,61,F,HCC,HCC,71,53,191,310,68000,12,0.55,"2,61","8,75"
308,0,GG,GG,YY,AA,CT,CA,GG,GA,GG,TT,65,M,A1,F1,38,72,43,89,107000,3,0.72,"0,89","2,72"
310,0,AG,AG,YY,AA,CC,CC,GG,GG,GG,CT,61,F,A2,F3,81,111,70,69,188000,,0.9,"1,08","2,49"
311,0,AG,AA,YY,AA,CT,CA,GG,GA,GG,CT,60,M,A2,F3,79,93,93,63,159000,6.82,1.03,"1,24","3,09"
312,0,GG,GG,YY,AA,TT,AA,GG,AA,GG,CC,27,M,A2,F1,123,285,23,60,n tem,2,1.4,#VALOR!,#VALOR!
313,0,GG,GG,YY,GA,CC,CC,GG,GG,GA,TT,61,M,HCC,HCC,71,69,104,101,170000,,1.2,"1,04","3,07"
315,0,AG,AG,YX,GA,CC,CC,GG,GG,GA,CT,54,M,HCC,HCC,84,36,234,177,157000,25.32,0.98,"1,34","4,82"
316,0,GG,GG,YY,AA,CC,CC,GG,AA,GG,CC,57,F,A2,F2,87,119,61,185,170000,1.96,0.89,"1,28","2,67"
317,0,GG,GG,YY,AA,CT,CA,GG,GA,GG,CT,58,M,A2,F3,12,47,61,64,254000,1.8,0.9,"0,12","0,40"
320,0,AA,AA,YX,AA,TT,AA,GG,GA,GA,CT,59,F,A2,F3,60,63,23,58,,3.27,0.58,#DIV/0!,#DIV/0!
322,0,AA,AA,YY,AA,CC,CC,GA,GG,GA,CT,51,F,A2,F1,36,63,25,27,n tem,1.8,0.6,#VALOR!,#VALOR!
325,0,AG,AG,YY,AA,CT,CA,GG,GA,GA,CC,53,M,A1,F1,61,109,118,95,146000,4.2,0.97,"1,04","2,12"
327,0,AG,AG,YX,AA,CC,CC,GA,GA,GG,CT,53,F,A2,F2,38,61,102,98,179000,4.35,1.3,"0,53","1,44"
330,0,GG,GG,YY,AA,CT,CA,GG,GA,GA,CT,49,M,A2,F3,36,36,35,99,93000,2.1,0.6,"0,97","3,16"
331,0,AG,AA,YY,AA,CT,CA,GG,AA,AA,CT,56,F,A2,F1,68,72,32,102,159000,n tem,0.6,"1,07","2,82"
333,0,AA,AA,YY,AA,TT,AA,GG,GG,AA,CT,58,F,A2,F2,36,57,34,83,219000,2.32,1.1,"0,41","1,26"
334,0,AG,AG,YY,GG,CC,CC,GG,GA,GA,CC,52,F,A1,F0,19,23,25,76,272000,2.07,1.04,"0,17","0,76"
337,0,AA,AA,YY,GG,CC,CC,GG,GA,GG,CT,57,M,A2,F3,74,118,101,52,114000,,0.87,"1,62","3,41"
351,0,GG,AG,YY,AA,CC,CC,GG,GA,GA,CC,56,F,A1,F3,64,41,24,74,271000,1.3,0.4,"0,59","2,07"
352,0,AA,AA,YY,AA,TT,AA,GG,GA,GA,CT,51,F,A2,F3,99,100,200,56,102000,16.23,0.68,"2,43","4,95"
355,0,AG,AG,YY,GG,CC,CC,GG,GA,GG,CT,57,F,A2,F4,129,118,612,285,116000,33.8,1.1,"2,78","5,84"
364,0,AG,AG,YY,AA,CC,CC,GG,GG,GA,CT,54,M,A1,F1,42,561,61,81,260000,2.2,0.58,"0,40","0,37"
369,0,GG,AG,YY,AA,CT,CA,GG,AA,GG,CT,71,F,A2,F4,61,26,47,132,73000,54.8,1.9,"2,09","11,64"
370,0,GG,GG,YY,AA,TT,AA,GA,AA,GA,CT,62,F,A2,F2,106,281,17,85,178000,3,0.61,"1,49","2,20"
373,0,AG,AG,YY,GG,CC,CC,GA,GG,GA,TT,53,M,A2,F3,148,223,796,94,93000,2.4,0.9,"3,98","5,65"
381,0,GG,GG,YY,AA,CT,CA,GG,GA,GA,CT,56,F,A1,F2,41,70,31,50,233000,1.9,0.6,"0,44","1,18"
