,ID,PTX3 rs1840680,PTX3 rs2305619,MBL -221,IL-10 -1082,IL-10 -819,IL-10 -592,TNF-308,SOD2,MPO C-463T,IL-28b rs12979860,Fibrose 1
220,230,AG,AG,YY,AA,CC,CC,GG,GG,GG,TT,HCC
139,145,GG,GG,YY,GA,CC,CC,GA,GA,GG,TT,F0
223,233,AG,AG,YY,AA,CT,CA,GA,AA,GG,CT,HCC
175,183,GG,GG,YY,GA,CC,CC,GG,AA,GA,CT,F1
229,246,GG,GG,YY,GG,CC,CC,GG,GA,GG,CC,F2
134,140,AG,AG,YY,GA,CT,CA,GA,GA,GA,CT,F3
128,134,GG,GG,YY,GA,CT,CA,GG,GG,GA,CC,HCC
88,92,GG,AG,YY,GA,CC,CC,GG,GA,GG,CC,F3
27,29,GG,GG,YY,GA,CT,CA,GG,GA,GG,CT,F4
291,355,AG,AG,YY,GG,CC,CC,GG,GA,GG,CT,F4
169,176,GG,AG,YY,GA,CT,CA,GG,GA,GG,CC,F1
7,9,AA,AA,YY,GA,CC,CC,GG,GG,GA,TT,F1
242,273,AG,AG,YX,GA,CC,CC,GG,AA,GG,CC,F4
195,204,AA,AA,YX,GG,CC,CC,GG,GA,GA,CT,F2
161,168,GG,GG,YY,GA,CT,CA,GG,GG,GA,CT,F2
18,20,AG,AA,YX,AA,TT,AA,GG,GA,GG,TT,F2
288,337,AA,AA,YY,GG,CC,CC,GG,GA,GG,CT,F3
216,226,GG,GG,YY,AA,CT,CA,GG,GG,GA,CT,F3
60,63,AA,AA,YY,GG,CC,CC,GA,GG,GG,CT,HCC
294,370,GG,GG,YY,AA,TT,AA,GA,AA,GA,CT,F2
198,207,AG,AG,YX,GG,CC,CC,GG,AA,GG,CC,F1
237,256,AG,AG,YY,AA,CT,CA,GG,GA,GA,CT,F2
148,154,GG,AG,YY,GA,CT,CA,GG,GG,GG,CT,F1
281,322,AA,AA,YY,AA,CC,CC,GA,GG,GA,CT,F1
208,217,GG,AG,YY,AA,CC,CC,GG,AA,GG,CC,F2
194,203,AG,AG,YY,AA,TT,AA,GA,GG,GA,CT,F1
209,218,GG,GG,XX,GA,CC,CC,GG,GA,GA,CT,F1
247,278,AA,AA,YX,GA,CC,CC,GA,GG,GG,TT,F3
112,118,AG,AG,YX,AA,CC,CC,GG,AA,GA,CT,F4
168,175,AG,AG,YY,AA,CT,CA,GG,GA,GG,CC,F3
262,296,AG,AG,XX,GA,CC,CC,GA,GG,GG,TT,F1
263,297,AG,AG,XX,AA,CC,CC,GG,GA,GG,CT,F1
15,17,AG,AG,YY,AA,CC,CC,GG,GG,GA,CC,HCC
249,280,AG,AG,XX,GA,CC,CC,GG,GG,GG,TT,F2
286,333,AA,AA,YY,AA,TT,AA,GG,GG,AA,CT,F2
142,148,AA,AA,YY,GA,CT,CA,GG,GA,GG,TT,HCC
259,293,GG,AG,YX,AA,TT,AA,GG,GA,GG,CT,F2
110,116,AG,AG,YX,AA,CT,CA,GG,AA,GG,CT,F2
46,49,GG,GG,YY,GA,CT,CA,GG,AA,GA,CC,F2
252,283,GG,GG,YX,GA,CT,CA,GA,GA,GA,TT,F1
75,78,AG,AG,YX,GA,CC,CC,GG,GG,GG,CC,F2
189,198,GG,AG,YX,GG,CC,CC,GG,AA,GA,CC,F3
56,59,AG,AG,YY,GG,CC,CC,GG,AA,GA,CC,F3
124,130,GG,AG,YY,GA,CT,CA,GG,GA,GA,TT,F1
111,117,AG,AG,YX,GA,CT,CA,GG,GA,GG,CT,F2
284,330,GG,GG,YY,AA,CT,CA,GG,GA,GA,CT,F3
272,308,GG,GG,YY,AA,CT,CA,GG,GA,GG,TT,F1
10,12,GG,AG,YY,GA,CT,CA,GG,GG,AA,CT,F2
125,131,GG,GG,YY,GA,CT,CA,GG,GG,AA,TT,F3
246,277,AG,AG,YY,AA,TT,AA,GA,GA,GG,CT,F2
64,67,GG,GG,YY,GA,CC,CC,GA,GG,GA,CC,F1
276,313,GG,GG,YY,GA,CC,CC,GG,GG,GA,TT,HCC
1,2,AG,AG,YY,GG,CC,CC,GA,GG,GG,TT,F1
23,25,AG,AG,YY,GA,CC,CC,GG,GG,GA,CC,F2
231,248,AG,AG,YY,GA,CT,CA,GG,GG,GG,TT,F3
103,109,AG,AG,YY,GA,CC,CC,GG,GG,GG,CT,F3
199,208,AG,AG,YX,AA,CC,CC,GG,GG,GG,CC,F2
19,21,AG,AG,YY,AA,CT,CA,GG,GA,GG,CC,F4
149,155,GG,GG,YX,AA,CT,CA,GA,GA,GG,CT,F1
41,44,AG,AG,YX,GA,CT,CA,GG,GA,GG,CT,F4
118,124,GG,GG,YX,GA,CT,CA,GG,GA,GA,CT,HCC
287,334,AG,AG,YY,GG,CC,CC,GG,GA,GA,CC,F0
59,62,AG,AG,YY,GA,CT,CA,GG,GA,GG,CT,F3
69,72,AG,AG,YY,AA,CT,CA,GG,GG,GG,TT,F3
160,167,AA,AA,YY,GA,CT,CA,GG,GG,GG,CT,F3
241,269,AG,AG,YX,GG,CC,CC,GG,GG,GG,CT,F4
98,103,GG,GG,YY,GA,CT,CA,GG,GA,GA,TT,HCC
248,279,AG,AG,YY,AA,CT,CA,GA,GA,GG,CT,F3
250,281,AG,AG,YY,GA,CC,CC,GA,GA,GA,TT,F2
40,43,AG,AG,YY,GA,CC,CC,GA,AA,AA,TT,F3
201,210,AG,AG,YY,AA,CT,CA,GA,GA,GG,CT,F4
32,34,GG,GG,YY,GA,CC,CC,GG,GA,GG,TT,F4
197,206,GG,GG,YY,AA,CC,CC,GA,GG,GG,TT,HCC
244,275,GG,GG,YX,AA,TT,AA,GG,GA,GG,CC,F4
156,163,AG,AG,YY,AA,TT,AA,GA,GA,GG,CT,F2
174,182,AG,AG,YY,GA,CC,CC,GA,AA,GG,CT,F2
233,251,AA,AA,YX,GG,CC,CC,GA,GG,GG,CT,F4
225,235,GG,GG,YY,GG,CC,CC,GG,GA,GG,CC,HCC
253,284,AG,AA,YX,GA,CC,CC,GG,AA,AA,TT,F1
31,33,GG,GG,YX,AA,CT,CA,GG,AA,GG,CC,F3
159,166,GG,GG,YY,AA,CT,CA,GA,AA,GG,CT,F1
85,89,AG,AG,YY,GA,CT,CA,GG,GG,GA,CT,F4
52,55,AA,AA,YY,GA,CC,CC,GA,GA,GG,CT,F0
26,28,GG,GG,YY,AA,TT,AA,GA,GG,GG,CT,F4
171,178,GG,GG,YX,GG,CC,CC,GG,AA,GG,TT,F3
227,237,AA,AA,XX,AA,TT,AA,GA,GA,GG,CT,HCC
29,31,AG,AG,YY,GA,CT,CA,GG,GG,GG,CT,F4
164,171,GG,AG,YY,AA,CT,CA,GG,AA,AA,CT,F3
269,303,AG,AG,YX,GA,CC,CC,GG,GG,GG,CT,F3
3,4,AG,AG,YY,AA,CT,CA,GG,GA,GG,CC,F1
154,161,AG,AG,YY,AA,TT,AA,GG,GG,GG,CT,F3
97,102,GG,GG,YY,AA,TT,AA,GG,GA,GA,CT,HCC
273,310,AG,AG,YY,AA,CC,CC,GG,GG,GG,CT,F3
200,209,AG,AG,YY,GG,CC,CC,GG,GA,GG,CT,F2
132,138,GG,GG,YY,AA,CT,CA,AA,GG,GA,CT,F2
47,50,GG,GG,YX,GA,CC,CC,GG,GA,GG,CC,F1
96,101,AA,AA,YX,GA,CT,CA,GG,AA,GA,CT,F3
120,126,AG,AG,YY,AA,CT,CA,GG,AA,GG,CT,F3
239,259,AG,AA,YY,GA,CT,CA,GG,GG,GA,CC,F3
243,274,GG,GG,YY,GG,CC,CC,GG,GG,GG,CT,F2
136,142,GG,GG,YY,AA,CT,CA,GG,AA,AA,CT,F2
104,110,GG,GG,YY,AA,CC,CC,GG,AA,GA,CT,F2
62,65,AG,AG,YY,GG,CC,CC,AA,GG,GA,CT,F2
157,164,AG,AA,YY,GA,CT,CA,GG,GG,GA,CT,F2
99,104,AG,AG,YX,GA,CC,CC,GA,GA,GG,CT,F4
80,83,GG,GG,YY,AA,TT,AA,GG,GA,GG,CT,F1
37,40,AA,AA,YX,GA,CC,CC,GG,AA,GG,CT,F3
61,64,AA,AA,YY,AA,CC,CC,GG,GA,GG,CT,F3
145,151,AG,AG,YY,GA,CC,CC,GA,AA,GG,CT,F3
277,315,AG,AG,YX,GA,CC,CC,GG,GG,GA,CT,HCC
83,87,GG,GG,YX,GA,CT,CA,GG,AA,GA,CT,F2
126,132,GG,GG,YX,GG,CC,CC,GA,GG,GG,CT,F3
54,57,AG,AG,YY,GA,CT,CA,GG,GA,GG,CT,F3
123,129,AG,AG,YY,GA,CT,CA,GG,GG,GG,CT,F2
177,185,AA,AA,YY,GG,CC,CC,GG,GA,GG,CT,F4
260,294,GG,GG,YX,AA,TT,AA,GG,GG,GG,CT,F2
166,173,AG,AG,YY,AA,TT,AA,GG,GA,GA,CC,F2
42,45,AA,AA,YY,GA,CT,CA,GG,AA,GG,CT,F3
65,68,AG,AG,YX,GA,CT,CA,GA,AA,GG,TT,F1
203,212,AA,AA,YY,GA,CT,CA,GG,AA,GG,CT,F2
236,255,GG,GG,YY,AA,CT,CA,GG,GA,GG,TT,F0
218,228,AG,AG,YY,AA,CT,CA,GA,AA,GG,TT,F2
48,51,AG,AG,YY,GG,CC,CC,GG,GA,GG,CC,F4
187,196,AG,AA,YX,GA,CC,CC,GG,GG,GG,CT,F2
87,91,GG,AG,YY,GA,CC,CC,GG,GA,GA,CT,F1
162,169,AG,AG,YY,GA,CT,CA,GG,AA,GG,CC,F1
55,58,AG,AG,YY,AA,CC,CC,GG,GG,GG,CT,F4
22,24,AG,AG,YY,GA,CT,CA,GG,AA,GG,CC,F3
191,200,AG,AA,YY,AA,CT,CA,GA,GA,GG,CT,F1
224,234,AG,AG,YX,AA,CT,CA,GG,GG,GA,CC,HCC
101,107,AG,AG,XX,GA,CT,CA,GA,GA,GG,CT,F3
11,13,AA,AA,YY,GA,CC,CC,GA,AA,GG,CC,F1
261,295,AG,AG,YX,GA,CC,CC,GA,AA,GG,CT,F2
108,114,AA,AA,YY,GG,CC,CC,GG,GG,GG,TT,F4
25,27,GG,GG,YX,AA,CC,CC,GA,GA,GA,TT,F1
117,123,GG,GG,YY,AA,CT,CA,GG,GG,GA,CT,F1
81,84,AG,AG,YY,GA,CC,CC,GA,GA,GA,TT,F2
82,86,AA,AA,YY,GG,CC,CC,GG,AA,GA,CC,F1
179,187,GG,AG,YY,GA,CC,CC,GG,GA,AA,CC,F1
205,214,AG,AG,YX,AA,CC,CC,GG,GG,GG,CT,F1
74,77,AA,AA,YY,GA,CC,CC,GG,AA,GA,TT,F2
130,136,GG,GG,YY,AA,TT,AA,GA,AA,GG,CT,F3
113,119,AA,AA,YY,GA,CT,CA,GG,GG,GG,CT,F3
266,300,AG,AG,YY,AA,CT,CA,GA,GA,GG,CC,F3
268,302,GG,GG,YY,AA,CC,CC,GG,AA,GG,CT,F3
274,311,AG,AA,YY,AA,CT,CA,GG,GA,GG,CT,F3
28,30,GG,GG,YY,AA,CT,CA,GG,GA,GA,TT,F4
24,26,GG,GG,XX,AA,CC,CC,GG,AA,GA,CT,F2
234,252,GG,GG,YX,AA,CC,CC,GA,AA,GA,CC,F1
115,121,AA,AA,YX,GA,CT,CA,GA,GG,AA,CT,F2
290,352,AA,AA,YY,AA,TT,AA,GG,GA,GA,CT,F3
129,135,GG,GG,YY,AA,CT,CA,GG,GA,GG,CC,F2
77,80,GG,AA,YY,AA,CT,CA,GA,GA,GG,CC,F4
222,232,AG,AA,YX,GG,CC,CC,GG,AA,GG,CT,HCC
34,36,GG,GG,YX,GA,CC,CC,GG,GG,GA,TT,F3
90,95,GG,GG,YY,GA,CC,CC,GG,GA,GG,TT,F1
133,139,GG,GG,YY,GA,CT,CA,GG,AA,GG,CT,F2
144,150,AG,AG,YY,GA,CT,CA,GA,GA,GA,CT,F1
184,193,AA,AA,YY,GA,CT,CA,GG,GG,GG,CT,F4
73,76,AG,AG,YX,GA,CT,CA,GG,GA,GG,CT,F2
210,219,AA,AA,YY,AA,CT,CA,GG,GA,GA,CT,F2
127,133,AG,AG,YY,AA,CT,CA,GA,AA,GA,CT,F1
57,60,GG,GG,YX,GA,CC,CC,GG,GA,GG,CC,F4
44,47,AG,AG,YY,AA,TT,AA,GG,GA,GG,CT,F3
92,97,AA,AA,YX,GA,CC,CC,GG,AA,GG,CT,F2
217,227,GG,GG,YY,AA,CT,CA,GG,GG,AA,CT,HCC
283,327,AG,AG,YX,AA,CC,CC,GA,GA,GG,CT,F2
146,152,AG,AG,YX,AA,TT,AA,AA,AA,GG,CT,F3
140,146,AA,AA,YY,AA,CT,CA,GG,GA,GG,CT,F2
158,165,AG,AG,YY,GA,CT,CA,GG,GA,GG,CT,F3
296,381,GG,GG,YY,AA,CT,CA,GG,GA,GA,CT,F2
235,254,AG,AG,YY,GG,CC,CC,GA,GA,GG,CT,F2
20,22,AG,AG,YY,AA,CT,CA,GG,GG,GG,TT,F1
67,70,GG,GG,YX,AA,CT,CA,GG,GA,GG,TT,F3
109,115,GG,AG,YX,AA,CT,CA,GA,GA,GG,CT,F4
282,325,AG,AG,YY,AA,CT,CA,GG,GA,GA,CC,F1
12,14,GG,AG,YY,GA,CT,CA,GG,AA,GG,CC,F3
16,18,AG,AG,YY,GA,CC,CC,GG,GA,GG,TT,F1
35,38,AG,AG,YX,GA,CC,CC,GG,GG,GG,CT,F2
173,181,AA,AA,YX,AA,TT,AA,GA,GG,AA,CT,F2
89,94,AG,AG,YX,GA,CT,CA,GG,GA,GA,TT,F2
45,48,AG,AA,YY,GA,CT,CA,GG,AA,GA,CC,HCC
255,287,AG,AG,YX,GA,CT,CA,GG,GA,GG,CT,F4
152,158,GG,GG,YY,GG,CC,CC,GA,AA,GG,CT,F4
292,364,AG,AG,YY,AA,CC,CC,GG,GG,GA,CT,F1
121,127,AG,AG,YY,GA,CT,CA,GG,GA,GA,CT,F3
256,289,AG,AG,YY,AA,CT,CA,GA,GA,GG,TT,F4
51,54,AG,AG,YY,AA,CC,CC,GA,AA,GG,CC,F3
107,113,AG,AG,YY,GA,CC,CC,GG,GA,GA,CT,F3
39,42,AG,AG,YY,GA,CC,CC,GG,GG,GA,CC,HCC
186,195,AG,AG,YY,AA,CT,CA,GA,GA,GG,CT,F2
116,122,GG,AA,YX,AA,CC,CC,GG,GG,AA,CT,F2
122,128,GG,GG,YX,AA,TT,AA,GG,GA,GA,TT,F4
213,222,GG,AG,YY,GA,CT,CA,GG,AA,AA,CT,F4
165,172,AG,AG,YY,AA,CT,CA,GG,GA,GA,TT,F3
6,8,GG,GG,YY,AA,CT,CA,GA,GA,GG,CC,F2
182,191,AG,AG,YY,AA,TT,AA,GG,GA,GG,TT,F4
153,160,AG,AG,YY,GA,CT,CA,GG,GG,GA,TT,F3
21,23,AG,AG,YY,AA,TT,AA,GG,GA,GG,CT,HCC
230,247,GG,GG,YY,GA,CT,CA,GG,GG,GG,CC,F2
9,11,AG,AG,YY,AA,CT,CA,GG,AA,GG,TT,HCC
151,157,AA,AG,YX,AA,CC,CC,GG,GG,GA,CC,F4
163,170,AG,AG,YY,GA,CT,CA,GA,GA,GG,CT,F3
206,215,GG,GG,YY,AA,CT,CA,GG,GG,GA,CT,F2
50,53,GG,AG,YY,AA,CT,CA,GA,AA,GA,TT,F4
190,199,AG,AG,YY,AA,CC,CC,GG,GA,GA,CT,F2
196,205,AA,AA,XX,AA,CT,CA,GA,GG,GG,TT,HCC
254,285,AG,AA,YX,AA,CT,CA,GG,GG,GA,CC,F3
147,153,AG,AG,YY,GA,CT,CA,GG,GA,GG,CC,HCC
271,307,GG,AG,YX,GA,CT,CA,GG,GA,GG,TT,HCC
279,317,GG,GG,YY,AA,CT,CA,GG,GA,GG,CT,F3
150,156,AG,AG,YY,GA,CT,CA,GG,GA,GA,TT,F3
221,231,AG,AA,YX,GA,CT,CA,GG,GA,GG,CC,HCC
102,108,AG,AG,YY,AA,TT,AA,GG,GA,GG,CT,F4
285,331,AG,AA,YY,AA,CT,CA,GG,AA,AA,CT,F1
33,35,AA,AA,YY,AA,CT,CA,GG,AA,GG,CT,HCC
76,79,GG,GG,YY,AA,CC,CC,GA,AA,GG,CC,F0
119,125,AA,AA,XX,GA,CC,CC,GG,AA,GG,CC,HCC
114,120,GG,GG,YX,GG,CC,CC,GG,GA,GG,TT,F4
95,100,AG,AA,YX,GG,CC,CC,GG,GA,GG,CT,F1
84,88,AG,AG,YY,GA,CC,CC,GG,GG,GA,CT,F3
170,177,GG,GG,YY,GA,CT,CA,GG,GA,GA,CT,F4
94,99,AA,AA,YX,AA,TT,AA,GG,GG,GG,CT,F1
214,223,GG,GG,YX,GG,CC,CC,GG,GA,GG,CT,F1
38,41,GG,AG,YY,AA,TT,AA,GG,GA,GG,CC,F2
71,74,AG,AG,YY,GA,CC,CC,GG,GA,GG,CC,F3
5,7,AA,AA,YX,AA,TT,AA,GG,AA,GG,TT,F1
36,39,AG,AG,YY,GA,CT,CA,GG,GA,GA,CT,F0
43,46,GG,AG,YX,GA,CT,CA,GG,GG,GG,CC,HCC
180,189,AA,AA,YY,GA,CT,CA,GG,GA,GA,CT,HCC
176,184,AG,AA,YY,GA,CT,CA,GG,GG,GG,CT,F1
267,301,GG,GG,YX,GA,CT,CA,GA,GA,GG,CC,F2
264,298,AG,AG,YY,AA,CT,CA,GG,GA,GA,TT,F4
188,197,AA,AA,YY,GG,CC,CC,GG,GA,GG,CC,F1
215,224,AG,AG,YY,GA,CC,CC,GG,GA,GA,CT,F2
138,144,GG,GG,YY,GA,CT,CA,GA,GA,GG,CT,HCC
207,216,AG,AG,YY,GA,CC,CC,GG,GA,GG,CT,F3
212,221,AA,AA,YX,GG,CC,CC,GG,GA,AA,CT,HCC
289,351,GG,AG,YY,AA,CC,CC,GG,GA,GA,CC,F3
70,73,AG,AG,YY,GA,CT,CA,GA,GA,GG,CT,F2
131,137,GG,AG,YY,GG,CC,CC,GG,GG,GA,CC,F2
257,290,AG,AA,YY,GA,CT,CA,GA,AA,GG,CC,F2
204,213,AG,AG,YX,AA,CC,CC,GG,GA,GG,CT,F3
185,194,AA,AA,YX,AA,CC,CC,GG,GA,GG,TT,F4
258,291,GG,GG,YY,GG,CC,CC,GG,AA,GA,CT,F1
0,1,GG,AG,YY,AA,CT,CA,GG,GA,AA,TT,F2
78,81,AG,AG,YX,GG,CC,CC,GA,GG,GA,CC,F2
265,299,AG,AG,YX,GA,CT,CA,GG,GA,AA,CC,HCC
278,316,GG,GG,YY,AA,CC,CC,GG,AA,GG,CC,F2
219,229,AG,AG,YY,AA,CT,CA,GG,GA,GA,CT,HCC
275,312,GG,GG,YY,AA,TT,AA,GG,AA,GG,CC,F1
232,250,GG,AG,YY,AA,CC,CC,GG,GG,GA,CT,F1
178,186,AG,AG,YX,GA,CC,CC,GG,GA,GG,CT,F1
68,71,AG,AG,YX,GA,CC,CC,GG,GA,GA,CC,F3
293,369,GG,AG,YY,AA,CT,CA,GG,AA,GG,CT,F4
17,19,GG,GG,YX,GA,CT,CA,GG,AA,GA,CT,F2
30,32,AA,AA,YX,AA,CT,CA,GG,GA,GG,CC,HCC
106,112,AG,AG,YY,AA,CT,CA,GG,GA,GA,CT,F4
13,15,AG,AA,YY,GA,CT,CA,GG,GA,GA,CT,F3
72,75,AG,AG,YY,AA,CT,CA,GG,GA,GA,CT,F3
202,211,AG,AG,YY,AA,CT,CA,GG,GG,GA,CT,F3
192,201,AG,AG,YX,AA,CC,CC,GG,GG,GA,CT,F2
172,179,GG,GG,YY,GG,CC,CC,GA,GA,GA,CT,F2
167,174,AG,AG,YY,GA,CC,CC,GA,AA,GG,CC,HCC
238,258,AG,AG,YY,AA,CT,CA,GA,GA,GG,TT,F1
181,190,AG,AA,YX,AA,TT,AA,GG,GA,GG,CT,HCC
63,66,GG,AG,YX,GA,CT,CA,GG,GG,GA,CC,F1
105,111,AG,AG,YY,AA,CC,CC,GG,GA,GG,TT,F3
2,3,AG,AG,YX,AA,TT,AA,GG,AA,GA,TT,HCC
251,282,AA,AA,YY,GA,CC,CC,GG,GG,GG,TT,F2
183,192,GG,AG,YY,AA,TT,AA,GG,GA,GA,CT,HCC
270,304,AG,AG,YX,GA,CC,CC,GG,GG,GG,TT,F4
193,202,AG,AG,YY,GG,CC,CC,GG,GG,GG,CC,F2
49,52,AA,AA,YY,GA,CC,CC,AA,GA,GA,CT,F1
135,141,AG,AG,YY,AA,CC,CC,GG,GA,GG,TT,HCC
91,96,AG,AG,YX,GA,CC,CC,GG,AA,GA,CT,F1
4,5,AG,AG,XX,AA,CT,CA,GG,GA,GA,CT,F2
100,105,AA,AA,YX,GA,CC,CC,GG,GA,GA,CC,F2
211,220,AA,AA,YX,GA,CC,CC,GA,GG,GA,CC,F3
245,276,GG,GG,YY,AA,TT,AA,GG,GA,GA,TT,F1
141,147,AG,AG,YX,GA,CC,CC,GG,GA,GA,CT,F1
155,162,GG,GG,YY,GA,CC,CC,GG,AA,GA,TT,F2
86,90,AG,AG,YX,AA,CT,CA,GG,AA,GG,CT,F2
93,98,AG,AG,YY,GA,CC,CC,GG,GA,GA,CT,F1
137,143,AA,AA,YY,GA,CC,CC,GG,GA,GG,CT,HCC
58,61,AG,AA,YY,GA,CT,CA,GG,AA,GA,CT,F2
228,243,AG,AG,YY,AA,CC,CC,GG,GA,GG,CT,HCC
143,149,GG,GG,YY,GA,CT,CA,GG,GA,GG,CT,F2
295,373,AG,AG,YY,GG,CC,CC,GA,GG,GA,TT,F3
240,260,GG,GG,YY,AA,CC,CC,GA,GG,GA,CC,F3
14,16,AG,AG,YY,GA,CC,CC,GG,AA,GG,TT,F3
226,236,AG,AG,YX,GA,CT,CA,GG,GA,GG,TT,HCC
66,69,AG,AA,YY,GA,CC,CC,GG,GA,GA,CT,F1
53,56,GG,AG,YY,AA,CT,CA,GA,AA,GA,CT,F2
79,82,AA,AA,YY,GA,CC,CC,GG,AA,GG,CT,F2
280,320,AA,AA,YX,AA,TT,AA,GG,GA,GA,CT,F3
8,10,GG,GG,YY,GA,CC,CC,GG,GA,GG,CT,F4
